category,tag_name,count,rating
tags,! Books Kill !,1,0
tags,!name me,230,4
tags,!tagme,621,4.2
tags,2026,1,0
tags,20th Century,1,0
tags,32 Marks,1,0
tags,32 Parts,1,0
tags,978-0198539780,1,0
tags,9780199230167,1,0
tags,Abbreviations,2,0
tags,Abhayagiri,9,0
tags,Abhidhamma,141,0
tags,Abhidhan,1,0
tags,Abhidharma,43,0
tags,Abortion,6,0
tags,Absorption,6,0
tags,Academic,2085,4.4
tags,Acceptance,3,0
tags,Accounting,2,0
tags,acitta,1,0
tags,ACL2012short 2012,1,0
tags,Acting,1,0
tags,Activism,8,0
tags,Acupuncture,3,0
tags,Addiction,10,0
tags,Adjectives,1,0
tags,Administration,1,0
tags,Adolescents,1,0
tags,Advaita,43,0
tags,Adverse effects,1,0
tags,Adversities of mindfulness,1,0
tags,Advertising,3,0
tags,Aesthetic,3,0
tags,Affect,1,0
tags,Affirmations,2,0
tags,Africa,6,0
tags,African Religion,5,0
tags,Afterlife,2,0
tags,Agama,19,0
tags,Ageing,5,0
tags,Agnostic,2,0
tags,Ahimsa,7,0
tags,AI,22,4
tags,AI Translation,3,0
tags,Aids,1,0
tags,Ajivika,6,0
tags,Akalika,1,0
tags,Akashic Field,4,0
tags,Akusala,1,0
tags,Alayavijnana,5,0
tags,Alchemy,17,0
tags,Alcohol,1,0
tags,Alcoholism,2,0
tags,Alexander Technique,1,0
tags,Alexander the Great,2,0
tags,Algebra,1,0
tags,Aliens,4,0
tags,Alkaloids,1,0
tags,Allegory,1,0
tags,Allowances,1,0
tags,Alphabet,4,0
tags,Altered States,36,4
tags,Alternate Dimensions,1,4
tags,Alternative Medicine,3,0
tags,Altruism,5,0
tags,Alzheimers,1,0
tags,Amazon.com,1,4
tags,Ambedkar,2,0
tags,Ambition,2,0
tags,American,4,0
tags,American Buddhism,60,4
tags,Amerindian,4,0
tags,Amish,1,0
tags,Amitabha,3,0
tags,Amitabha Sutta,2,0
tags,Anaesthetics,3,0
tags,Anagarika,1,0
tags,Analytical Philosophy,3,0
tags,Anapanasati,91,0
tags,Anarchy,1,0
tags,Anathapindikovada Sutta,1,0
tags,Anatolian,1,0
tags,Anatomy,5,0
tags,Anatta,95,0
tags,Android,1,0
tags,Anecdotes,5,0
tags,Anga,2,0
tags,Anger,16,0
tags,Anglican,1,0
tags,Anglo-Saxon,1,0
tags,Angulimala,3,0
tags,Anguttara Nikaya,97,0
tags,Anicca,13,0
tags,Animal Behaviour,14,0
tags,Animal Communication,4,0
tags,Animal Minds,12,0
tags,Animals,10,0
tags,Animism,1,0
tags,Animitta Cetosamadhi,2,0
tags,Annihilationism,1,0
tags,Antartica,1,0
tags,Anthropic Principle,2,0
tags,Anthropology,59,4.2
tags,Anti-semitism,3,0
tags,Anusaya,1,0
tags,anusmṛti,1,0
tags,anussati,1,0
tags,Anxiety,18,0
tags,Apadana,9,0
tags,Apocrypha,15,0
tags,Arab Revolt,1,0
tags,Arabic Philosophy,2,0
tags,Arahant,17,5
tags,Archaeology,57,4
tags,Archery,1,0
tags,Archetypes,18,0
tags,Architecture,10,0
tags,Argument,2,0
tags,Aristotle,5,0
tags,Ariyan,3,0
tags,Army,3,0
tags,Art,59,0
tags,Art and Craft,13,0
tags,Artificial Intelligence,1,0
tags,Asanga,6,0
tags,Ascended Masters,1,0
tags,Ascension,2,0
tags,Asceticism,9,0
tags,Ashtavakra Gita,9,0
tags,Asia,10,0
tags,Asoka,28,0
tags,Asrama,1,0
tags,Astral Body,6,0
tags,Astrology,19,0
tags,Astronomy,32,0
tags,Asubha,8,0
tags,Asvaghosa,4,0
tags,Atheism,34,4
tags,ATI,1,0
tags,Atisha,4,0
tags,Atlantis,1,0
tags,Atlas,1,0
tags,Attachment,3,0
tags,Attainment,1,0
tags,Attention,45,0
tags,Aṭṭhaka-vagga,1,0
tags,Atthakatha,109,0
tags,Atthakavagga,1,0
tags,Aṭṭhakavagga,2,0
tags,Auditory Perception,1,0
tags,Aurangbad Caves,1,0
tags,Auras,2,0
tags,Aurobindo,28,0
tags,Australia,9,0
tags,Author,5,0
tags,Authorship,1,0
tags,Autism,8,0
tags,Autobiography,16,4
tags,Automatic Writing,1,0
tags,Avalokitesvara,3,4
tags,Avant-Garde,1,0
tags,Avatamsaka Sutra,1,0
tags,Avesta Grammar,1,0
tags,Awakening,14,0
tags,Awareness,79,0
tags,Axial Age,1,4
tags,Ayurvedic Medicine,17,0
tags,Babylon,2,0
tags,Back Pain,1,0
tags,Bacteria,1,0
tags,Bactria,1,0
tags,Bahai Faith,5,0
tags,Balance,1,0
tags,Balavatara,1,0
tags,Bald,1,0
tags,Bangladesh,5,0
tags,Banking,2,0
tags,Bardo,11,0
tags,Bare Attention,2,0
tags,Bare awareness,1,0
tags,Barthes,1,0
tags,BCT 67,1,0
tags,Beauty,3,0
tags,Becoming,2,0
tags,Begging,1,0
tags,Behavioral Sciences,1,0
tags,Behavioural Psychology,14,0
tags,Being,20,4
tags,Beliefs,38,4
tags,Benefits,1,0
tags,Benevolence,1,0
tags,Bengal,2,0
tags,Bereavment,2,0
tags,Berkley,1,0
tags,Best Translations,16,0
tags,Bestsellers,1,0
tags,Beyondism : religion from science,1,0
tags,Bhagavad Gita,16,0
tags,Bhava,1,0
tags,bhāvanā,1,0
tags,Bhavanga,2,0
tags,Bhikkhu / Bhiksu / Monk,107,0
tags,Bhikkhu Kaṭukurunde Ñāṇananda,1,0
tags,bhikkhu payutto,1,0
tags,Bhikkhuni / Bhiksuni / Nun,129,0
tags,bhikkhunis,1,0
tags,Bhutan,4,0
tags,Bias,9,0
tags,Bible,42,0
tags,Bibliography,27,0
tags,Biocentrism,4,0
tags,Biochemistry,4,0
tags,Bioethics,23,0
tags,Biography,418,4
tags,Biography & Autobiography,2,5
tags,Biology,122,5
tags,Bipolar,1,0
tags,Birth,6,0
tags,Birthmarks,1,0
tags,Blasphemy,2,0
tags,Blessing,1,0
tags,Blind-spot,1,0
tags,Blindness,1,0
tags,Blood,1,0
tags,Blues,1,0
tags,bodhi,2,0
tags,Bodhi Mind,1,0
tags,Bodhi Tree,3,0
tags,Bodhicitta,11,0
tags,Bodhidharma,1,0
tags,Bodhipakkhiyadhamma,5,0
tags,Bodhisattva,58,0
tags,Body,63,4
tags,Body Contemplation,6,0
tags,Body Language,4,0
tags,Bodywork,3,0
tags,Bojjangas,6,0
tags,Bon,5,0
tags,Book of Mormon,1,0
tags,Book Review,63,0
tags,Boran,5,0
tags,Borders,1,0
tags,Botany,4,0
tags,Bowls,2,0
tags,Brahamnism,8,0
tags,Brahma's Request,1,0
tags,Brahmana,6,0
tags,Brahmanism,40,4
tags,brahmavihāra,1,0
tags,Brahmaviharas,28,0
tags,Brahmi,1,0
tags,Brain,124,4
tags,Brain Damage,4,0
tags,Brain Hemishpheres,7,0
tags,Brain Rythms,1,0
tags,Brainwashing,2,0
tags,Breath control,1,0
tags,BRICS,1,0
tags,Britain,8,0
tags,British Empire,2,0
tags,Brushing Teeth,1,0
tags,Buddha,147,4.5
tags,Buddha Nature,5,0
tags,Buddha Statue,6,0
tags,Buddha’s asceticism,1,0
tags,Buddha’s Son,1,0
tags,Buddhacarita,2,0
tags,Buddhaghosa,13,0
tags,Buddhahood,1,0
tags,Buddhanusati,6,0
tags,Buddhavacana,10,0
tags,Buddhavamsa,2,0
tags,Buddhism,957,4.3
tags,Buddhismus,1,0
tags,Buddhist Councils,20,0
tags,Buddhist Doctrine,2,0
tags,Buddhist Ethics,1,0
tags,Buddhist History,3,0
tags,Buddhist Hybrid Sanskrit,9,0
tags,Buddhist Philosophy,136,4.7
tags,Buddhist Studies,1,0
tags,Buddhist Teaching,3,0
tags,Buddhist Verse,1,0
tags,Burma,13,0
tags,Burmese,3,0
tags,Burmese Dictionary,2,0
tags,Burmese Scrpit,1,0
tags,Burning Man,1,0
tags,Bushido,1,0
tags,Business,11,0
tags,Byzantine,3,0
tags,Caffeine,1,0
tags,Caitanya,1,0
tags,Calendar,20,0
tags,Calibre,1,0
tags,Caligraphy,3,0
tags,Calisthenics,2,0
tags,Cambodia,9,0
tags,Canada,3,0
tags,Cancer,6,0
tags,Candrakirti,3,0
tags,Canki Sutta,1,0
tags,Cannibalism,1,0
tags,Canon,1,0
tags,Capitalism,7,4.5
tags,Carbon-Dating,1,0
tags,Cariyapitaka,3,0
tags,Carvaka,1,0
tags,Case Study,2,0
tags,Caste,5,0
tags,Catholic Nun,2,0
tags,Catholicism,32,5
tags,Causation,15,0
tags,Celibacy,2,0
tags,Celts,1,0
tags,Central Asia,3,0
tags,Certainty,1,0
tags,Cessation,1,0
tags,Cetasika,3,0
tags,Chabbaggiya,1,0
tags,Chakras,4,0
tags,Chan,55,5
tags,Chanakya,8,0
tags,Chance,3,0
tags,Change,6,0
tags,Channeled,3,0
tags,Chant,1,0
tags,Chanting,41,0
tags,Chaos,7,0
tags,Chaplain,1,0
tags,Chariot,1,0
tags,Chemistry,2,0
tags,Chewing,1,0
tags,Children,51,4.5
tags,China,122,4
tags,Chinese,16,0
tags,Chinese Canon (Tripitaka),114,5
tags,Chinese Dictionary,8,0
tags,Chinese Grammar,1,0
tags,Chinese Literature,5,0
tags,Chinese Medicine,3,0
tags,Chinese Philosophy,22,0
tags,Chinul,2,0
tags,Chod,1,0
tags,Choice,2,0
tags,Christian,2,5
tags,Christian Monk,30,5
tags,Christian Mysticism,26,0
tags,Christian Science,1,0
tags,Christianity,300,4.8
tags,Christmas,2,0
tags,Chronology,6,0
tags,Chuang,1,5
tags,Chuang Tzu,8,5
tags,Church History,1,0
tags,Circadian Rhythms,4,0
tags,Citizenship,1,0
tags,Cittanupassana,5,0
tags,Civil Engineering,1,0
tags,Civilization,27,3
tags,Clairvoyance,8,0
tags,Clarity,1,0
tags,Classic,5,5
tags,Classics,1,0
tags,Clear Light,3,0
tags,Climate Change,6,0
tags,Clinging,4,0
tags,Cloning,3,0
tags,Codes,1,0
tags,Cognition,20,0
tags,Cognitive Science,174,4.5
tags,Cold War,1,0
tags,Collapse,2,0
tags,Colonialism,15,0
tags,Colour,1,0
tags,Coma,3,0
tags,Combinatorics,1,0
tags,Comedy,1,0
tags,Commentary,157,0
tags,Communication,19,0
tags,Communism,7,0
tags,Community,6,0
tags,Comparative Religion,152,4
tags,Comparative Studies,174,4.5
tags,Comparative Study,5,0
tags,Compassion,67,0
tags,Compelxity,1,0
tags,Compilation,4,0
tags,Compounds,1,0
tags,Compulsive Behaviour,2,0
tags,Computers,21,4
tags,Conceit,4,0
tags,Concentration,9,0
tags,Concept & reality,1,0
tags,Concepts,13,0
tags,Conditionality,1,0
tags,Conference,1,0
tags,Confession,3,0
tags,Conflict,12,0
tags,Confucianism,13,4
tags,Conquistadors,1,0
tags,Conscience,11,0
tags,Consciousness,384,4.6
tags,Consent,1,0
tags,Conspiracy,21,0
tags,Constitution,1,0
tags,Consumerism,2,0
tags,Contact,1,0
tags,Contemplation,20,0
tags,Contemplation of the body,3,0
tags,Contemporary Art,1,0
tags,Contextualism,1,0
tags,Contradictions,2,0
tags,Conversion,2,0
tags,Cookbook,1,0
tags,Copyright,5,0
tags,Copyright © 2008 Churchill Livingstone. Uploaded By Dr Yasser S. El-Sayed,1,0
tags,Corona Virus,2,0
tags,Corporate,3,0
tags,Correlation,1,4
tags,Corruption,4,0
tags,Cosmic Consciousness,1,0
tags,Cosmology,69,5
tags,Counseling & Psychology,1,0
tags,Counterculture,1,0
tags,Counterfeit Dhamma,2,4
tags,Courage,2,0
tags,Courses,9,0
tags,Court,2,0
tags,COVID-19,1,0
tags,Crazy,4,0
tags,Creation,12,0
tags,Creative Commons,1,0
tags,Creative Writing,2,0
tags,Creativity,16,0
tags,Crime,10,0
tags,Criminology,1,0
tags,Crisis,2,0
tags,Critical Theory,1,0
tags,Critical Thinking,10,0
tags,Criticism,121,4.5
tags,Crop Circles,1,0
tags,Crossword Puzzle,1,0
tags,Crusades,3,0
tags,Crying,1,0
tags,Cryptography,2,0
tags,Cults,25,0
tags,Cultural Diversity,2,0
tags,Culture,98,5
tags,Cybernetics,1,0
tags,Cyclops,1,0
tags,Da Vinci,2,0
tags,Dada,1,0
tags,Daily Life,64,0
tags,Daily Reflections,2,0
tags,Daily Schedule,1,0
tags,Dalai Lama,43,0
tags,Dalai Lamas,2,0
tags,Dana,14,0
tags,Dancing,1,0
tags,Daniel Ingram,3,0
tags,Data Mining,3,0
tags,De Mello,19,0
tags,Dead Sea Scrolls,7,0
tags,Deaf,1,0
tags,Death & Dying,131,5
tags,Debate,26,0
tags,Deception,2,0
tags,Decision Making,5,0
tags,Decision Tree,1,0
tags,Deconstruction,2,0
tags,dedifferentiation,1,0
tags,Definition,111,4
tags,Deindustrialization,1,0
tags,Deities,23,0
tags,Delusion,3,0
tags,Dementia,1,0
tags,Democracy,13,0
tags,Demographics,1,0
tags,Demon,5,0
tags,Dependant Origination,68,0
tags,Dependent arising,1,0
tags,Dependent Origination,5,0
tags,Depersonalization,1,0
tags,Depression,14,0
tags,Descarte,3,0
tags,Desert,1,0
tags,Desert Fathers,6,0
tags,Design,4,0
tags,Desire,13,0
tags,Detatchment,1,0
tags,Devadatta,1,0
tags,Devas,1,0
tags,Devil,6,0
tags,Devotion,7,0
tags,Dhamma,25,0
tags,Dhamma Lectures,26,0
tags,dhamma talk,434,5
tags,Dhammacakkhappavattanasutta,3,0
tags,Dhammanupassana,4,0
tags,Dhammapada,87,0
tags,Dhammasangani,8,0
tags,Dhammayut,1,0
tags,Dhammayut Order,1,0
tags,Dharma,23,0
tags,Dharmadatu,2,0
tags,Dharmafarer,32,0
tags,Dharmaguptaka,9,0
tags,Dharmakaya,6,0
tags,Dharmakirti,4,0
tags,Dharmaraj,1,0
tags,Dharmasutras,3,0
tags,Dhatukatha,2,0
tags,Dhutanga,4,0
tags,dhyāna,2,0
tags,Diachronic structure,1,0
tags,Diacritics,2,0
tags,Diagnosis,1,0
tags,Dialogues,19,4
tags,Diamond Sutra,5,0
tags,Diary,4,0
tags,Diaspora,1,0
tags,Dice,1,0
tags,Dictionary,17,0
tags,Diet,7,0
tags,Digestion,1,0
tags,Digha Nikaya,56,0
tags,Digital,4,0
tags,Dignāga,5,0
tags,Dilemma,1,0
tags,Dim Mak,2,0
tags,Dinosaurs,1,0
tags,Dipavamsa,6,0
tags,Dirgha Agama,15,5
tags,disc,1,0
tags,Discernment,1,0
tags,Disciples,27,0
tags,Disciples of the Buddha,1,0
tags,discipline,1,0
tags,Discourse Merger,1,0
tags,Discovery,3,0
tags,Disease,31,4
tags,Disobedience,1,0
tags,Distraction,3,0
tags,Ditthi,5,0
tags,Diversity,1,0
tags,Divine abodes,1,0
tags,Divine Revelation,1,0
tags,Divine Sound,2,0
tags,Divorce,1,0
tags,DMT,3,0
tags,DNA,3,0
tags,Doctrine,415,4.2
tags,Documentary Film,1,0
tags,Dogen,10,0
tags,Dogma,1,0
tags,Dogs,2,0
tags,doi:10.1007/s12671-018-1043-8,1,0
tags,doi:10.1007/s12671-020-01400-y,1,0
tags,Dominance,1,5
tags,Doubt,7,0
tags,Drama,3,0
tags,Dreaming,54,0
tags,Dreams;Seth book;Channeling;Spirit writings;Reincarnation;Soul;Reality-Miscellanea;Self-perception -Miscellanea;Spirit Teachings;Afterlife;Future Life;Spirituality;Spirit Guides;Mediums;Mediumship;Metaphysics;Parapsychology;Occult & Paranormal;,1,0
tags,Drugs,19,0
tags,Druids,2,0
tags,Dualism,1,0
tags,Dukkha,59,4.5
tags,Dunhuang,1,0
tags,Duty,2,0
tags,Dynamic Meditation,1,5
tags,Dyslexia,1,0
tags,Dzogchen,63,4
tags,Early Buddhism,202,4.5
tags,Early Buddhist Thought,1,0
tags,Earth,4,0
tags,East Asia,1,0
tags,Eating,14,0
tags,Ecology,40,4.5
tags,Economics,76,4.3
tags,Edo Shonin,2,0
tags,Education,76,4
tags,EEG,2,0
tags,Effort,7,0
tags,EFT,1,0
tags,Ego,21,0
tags,Egyptian,22,0
tags,Ekottarika Agama,34,0
tags,Electricity,2,0
tags,Elements,3,0
tags,Elephant Path,2,0
tags,Embodied Awareness,1,0
tags,Embodied Mindfulness,1,0
tags,Embryo,1,0
tags,Emergence,1,0
tags,Emotion recognition,1,0
tags,Emotional Freedom Technique,1,0
tags,Emotions,61,4
tags,Empathy,15,0
tags,Emptiness,55,0
tags,Encyclopedia,77,0
tags,Encyclopedia of Buddhism,1,0
tags,Encylopedia of Buddhism,99,0
tags,Energy,13,0
tags,Engaged Buddhism,2,0
tags,England,3,0
tags,Englische eBooks,1,0
tags,English Dictionary,12,0
tags,English Grammar,54,0
tags,English Language,17,5
tags,English Translation,893,4.8
tags,Enligh Grammar,1,0
tags,Enlightenment,185,4.5
tags,Entrepreneurship,1,0
tags,Entretien d’explicitation,1,0
tags,Environmental Science,3,4
tags,Environmentalism,50,4
tags,Epicurean,5,0
tags,Epidemiology,1,0
tags,Epigraphy,6,0
tags,Epistemology,36,0
tags,Epub3,1,0
tags,Equality,5,0
tags,Equanimity,8,0
tags,Errata,2,0
tags,Eschatology,4,0
tags,Esoteric,23,0
tags,ESP,14,0
tags,Espionage,1,0
tags,Essays,70,4.8
tags,Essenes,5,0
tags,Establishments of mindfulness,1,0
tags,Ethical Dilemmas,1,0
tags,Ethics,149,5
tags,Ethnography,15,0
tags,Ethology,11,0
tags,ETs,2,0
tags,Eugenics,1,0
tags,Eunuch,1,0
tags,Europe,30,0
tags,European,6,0
tags,Euthanasia,5,0
tags,Evangelicalism,1,0
tags,Evangelism,2,0
tags,Evil,2,0
tags,Evolution,116,4.3
tags,Examination,27,0
tags,Existentialism,24,5
tags,Experience,34,4.5
tags,Experiment,6,0
tags,Exploration,1,0
tags,External mindfulness,2,0
tags,Extra-Canonical,1,0
tags,Eyebrows,1,0
tags,Eyes,1,0
tags,Fables,3,0
tags,Facts,1,0
tags,Faculties,1,0
tags,Failure,2,5
tags,Fairy Tales,6,0
tags,Faith,15,0
tags,Fallacies,2,0
tags,False memories,1,0
tags,Falsehood,1,0
tags,Falun Dafa,2,0
tags,Fame,2,0
tags,Family,15,5
tags,Farting,2,0
tags,Fascism,1,0
tags,Fashion,1,0
tags,Fasting,4,0
tags,Fate,3,0
tags,Father,1,0
tags,Fear,21,4
tags,Feeling,28,4
tags,Feminism,12,0
tags,Ferns,1,0
tags,Festival,3,0
tags,Fetter,4,0
tags,Fiction,34,4.8
tags,Filial Piety,1,0
tags,Film,2,0
tags,Fire,3,0
tags,First Aid,2,0
tags,Fitness,24,0
tags,Five Aggregates,26,0
tags,Five Faculties,1,0
tags,Five Hindrances,15,0
tags,Five Niyama,1,0
tags,Flashcards,1,0
tags,Flow-state,7,0
tags,fMRI,1,0
tags,Foetus,1,0
tags,Folk Music,1,0
tags,Folk Tales,12,0
tags,Food,11,0
tags,For Children,42,0
tags,For Print,3,0
tags,Foreign Opinion,1,0
tags,Forensic,1,0
tags,Forgery,1,0
tags,Forgiveness,11,0
tags,Formless Meditation,4,0
tags,Formula,1,0
tags,Fossils,2,0
tags,Four Assemblies,4,0
tags,Four Elements,12,0
tags,Four fruits,1,0
tags,Four Noble Truths,36,5
tags,Four Noble Truths.,1,0
tags,Four paths,1,0
tags,Four Stages of Enlightenment,2,0
tags,Four Stages of Life,1,0
tags,Fractals,1,0
tags,France,5,0
tags,Fraud,1,0
tags,Free Speech,2,0
tags,Free Will,44,0
tags,Freedom,18,0
tags,Freemasonry,6,0
tags,Freethinkers,1,0
tags,Fremdsprachige eBooks,1,0
tags,French,3,0
tags,French Dictionary,1,0
tags,French Revolution,1,0
tags,Freud,13,0
tags,Friendship,3,0
tags,Fringe Science,1,4
tags,Fromm,12,5
tags,Fruition,1,0
tags,Funciotnal Specification Document,3,0
tags,Fundamentalism,8,0
tags,Funerals,7,0
tags,Future,14,5
tags,Future Prediction,27,4.7
tags,FWBO,2,0
tags,Gaia Hypothesis,3,0
tags,Gain,1,0
tags,Galaxies,1,0
tags,Gambling,2,0
tags,Game Theory,3,0
tags,Gandhara,31,0
tags,Garudhamma,3,0
tags,Gelugpa,4,0
tags,Gender,11,0
tags,General,3,0
tags,Genes,7,0
tags,Genesis,4,0
tags,Genetics,23,0
tags,Genius,7,0
tags,Genocide,1,0
tags,Geography,13,0
tags,Geometry,1,3
tags,Geomorphology,1,0
tags,Geopolitics,1,0
tags,German Dictionary,1,0
tags,Germany,6,0
tags,Gernosity,1,0
tags,Gestalt Therapy,16,0
tags,Ghandi,4,0
tags,Ghost Stories,4,0
tags,Gifted Children,2,0
tags,Global Catastrophes,2,0
tags,Global Warming,3,0
tags,Global Workspace,3,0
tags,Globalization,5,0
tags,Glossary,19,0
tags,Glossary of Buddhism,1,0
tags,Gnosticism,37,0
tags,Goals,4,0
tags,God,64,4.3
tags,Goddess,7,0
tags,Goenka,34,0
tags,Going Forth,1,0
tags,Golden Dawn,4,0
tags,Good & Evil,17,0
tags,Gospels,5,0
tags,Gotami,8,0
tags,Gothic,1,0
tags,Governance,1,0
tags,Government,8,0
tags,Grace,1,0
tags,Gradual Training,16,0
tags,Grammar,12,0
tags,Grammatical Terms,4,0
tags,Graphic Novel,1,0
tags,Graphs,1,0
tags,Gratitude,4,0
tags,Gravity,2,0
tags,Great Britain,1,0
tags,Greek,9,0
tags,Greek Alphabet,1,0
tags,Greek Mythology,9,0
tags,Greek Philosophy,93,4
tags,Grief,3,0
tags,Group Kamma,1,0
tags,Group Meditation,1,0
tags,Group Therapy,1,0
tags,Guided Meditation,7,0
tags,Gurdjieff,3,0
tags,Gurus,64,4
tags,Habits,3,0
tags,Habsburg Empire,1,0
tags,Hacker,1,0
tags,Hair,3,0
tags,Hallucinogens,1,0
tags,Hanuman,1,0
tags,Happiness,94,5
tags,Hard Problem,15,0
tags,Harmony,2,0
tags,Hasidism,7,0
tags,Hatha Yoga,11,0
tags,Healing,71,4
tags,Health,83,4
tags,Health & Fitness,1,0
tags,Healthcare,11,0
tags,Heart,5,0
tags,Heart Sutra,18,0
tags,Heat,1,0
tags,Heaven & Hell,12,5
tags,Heidegger,10,0
tags,Heilige Schriften,1,0
tags,Hell,3,0
tags,Heraclitus,10,0
tags,Herbs,6,0
tags,Heresy,8,0
tags,Hermeneutics,3,0
tags,Hermeticism,28,0
tags,Hero,2,0
tags,Herodotus,1,0
tags,Hierarchy,1,5
tags,Hieroglyphics,1,0
tags,Hijra,1,0
tags,Hinayana,4,0
tags,Hinduism,263,4
tags,Hippy,1,0
tags,Hiri,1,0
tags,Historical Linguistics,1,0
tags,History,808,4
tags,History of Religions 2017.57:164-196,1,0
tags,Hittite,1,0
tags,HIV,1,0
tags,Hive-Mind,1,0
tags,Holographic Principle,4,0
tags,Holotropic Breathwork,3,0
tags,Homelessness,1,0
tags,Homeostasis,6,4
tags,Homosexuality,14,0
tags,Hong Kong,1,0
tags,Honour,1,0
tags,Hope,1,0
tags,Hormones,1,0
tags,Horror,2,0
tags,How To Guides,8,0
tags,HTML,1,0
tags,http://archive.org/details/kaccyanaetallitt00kacc,1,0
tags,http://archive.org/details/psychologyofcon000orns,1,0
tags,http://archive.org/details/taotechingwayofl00laot,1,0
tags,http://www.archive.org/details/bookoffiverings00miyarich,1,0
tags,http://www.archive.org/details/buddhistmanualof00davirich,1,0
tags,http://www.archive.org/details/geschichteundkri00franuoft,1,0
tags,http://www.archive.org/details/indiancalendarwi00sewerich,1,0
tags,http://www.archive.org/details/vivekachudamanio00sankrich,1,0
tags,http://www.vet4arab.co.cc,1,0
tags,https://doi.org/10.1038/s41598-020-76457-9,1,0
tags,Huayan,1,0
tags,Huineng,1,0
tags,Human Behaviour,30,4
tags,Human Life,18,4
tags,Human Nature,2,0
tags,Human Potential,6,0
tags,Human Rights,16,0
tags,Humanism,12,0
tags,Humility,1,0
tags,Humour,26,4
tags,Hunger,2,0
tags,Husserl,8,0
tags,Hypnotism,11,0
tags,I Ching,11,4
tags,Iboga,1,0
tags,Icons,19,0
tags,Idealism,24,5
tags,Identity,18,0
tags,Ideology,2,0
tags,Idioms,7,0
tags,Idols,4,0
tags,Ignorance,1,0
tags,ilgrimage,1,0
tags,Illusion,16,0
tags,Illustrated,90,5
tags,Image,7,0
tags,Imagination,10,0
tags,Immanence,1,0
tags,Immaterial attainments,1,0
tags,Immaterial Sphere,1,0
tags,Immaterial Spheres,1,0
tags,Immeasurables,2,0
tags,Immigration,1,0
tags,Immortality,6,0
tags,Imperialism,5,0
tags,Impersonation,2,0
tags,Impulsivity,1,0
tags,Indeclinables,1,0
tags,Index,5,0
tags,India,273,5
tags,Indian Epic,12,0
tags,Indian Lexiography,1,0
tags,Indian Philosophy,123,0
tags,Individual,7,0
tags,Indo-European,24,0
tags,Indology,5,0
tags,Indra,1,0
tags,Indriya,1,0
tags,Industrial Society,3,0
tags,Inference,3,0
tags,Information,9,0
tags,Inisght,1,0
tags,Initiation,2,4
tags,Inka,2,0
tags,Inner Child,1,0
tags,Innovation,4,0
tags,Inquisition,1,0
tags,Inscriptions,2,0
tags,Insight,30,0
tags,Insight Knowledges,10,0
tags,Insomnia,2,0
tags,Inspiration,9,0
tags,installation guides,1,0
tags,instruction manuals,1,0
tags,Intellectual Property,3,0
tags,Intellectuals,2,0
tags,Intelligence,27,4
tags,Intelligent Design,1,0
tags,Intention,12,0
tags,Interconnectedness,1,0
tags,Interconnectedness scale,1,0
tags,Interdependence,1,0
tags,Intermediate Existence,1,0
tags,International Aid,1,0
tags,International Migration,1,0
tags,International Relations,5,0
tags,Internet,14,0
tags,Interoception,2,0
tags,Interogation,1,0
tags,Interpretation,2,0
tags,Interview,32,0
tags,Intimacy,2,0
tags,Introduction,55,0
tags,Introspection,6,0
tags,Intuition,6,0
tags,Investment,2,0
tags,Invocation,1,0
tags,IPA,5,0
tags,Iran,5,0
tags,Ireland,1,0
tags,Iron Age,2,0
tags,Iron Ball,1,0
tags,Irony,1,0
tags,Islam,59,4.3
tags,Isometric,1,0
tags,Israel,7,3
tags,Italy,2,0
tags,Itivuttaka,10,0
tags,Jainism,64,5
tags,Japan,59,4
tags,Jataka,52,0
tags,Java,2,0
tags,Jealousy,1,0
tags,Jesuit,24,0
tags,Jesus,42,5
tags,Jhana,87,4.2
tags,Jhana Debate,39,4.2
tags,Jihad,1,0
tags,Journal,129,0
tags,Journalism,7,0
tags,Journalists,2,5
tags,Juads,1,0
tags,Judaism,55,4
tags,Judas,2,0
tags,Judo,1,0
tags,Jung,24,0
tags,Justice,6,0
tags,Jyotiḥśāstra,1,0
tags,Kabbalah,30,4
tags,Kaccayana,23,0
tags,Kahuna,1,0
tags,Kalacakra,6,0
tags,Kalyanamitta,5,0
tags,Kama Sutra,1,0
tags,Kamma,61,4
tags,Kammavaca,1,0
tags,Kandy,1,0
tags,Kangyur,36,0
tags,Karaka,1,0
tags,Karaka Magganga,1,0
tags,Karma,43,0
tags,Karmapa,3,0
tags,Karuna,9,0
tags,karuṇā,1,0
tags,Kashmir,3,0
tags,Kasina,2,0
tags,Kasyapiya,2,0
tags,Kataragama,1,0
tags,Kathavatthu,3,0
tags,Kathina,1,0
tags,Kautilya,7,0
tags,Kaya,1,0
tags,Kayagatasati,6,5
tags,Key,10,0
tags,Khaggavisāṇa,1,0
tags,Khmer Language,2,0
tags,Khuddaka Nikaya,244,0
tags,Khuddakapatha,1,0
tags,Kierkegaard,2,0
tags,Killing,9,0
tags,kindle,1,0
tags,Kindness,3,0
tags,Kings,6,0
tags,Knowledge,27,0
tags,Knowledges,1,0
tags,Koans,19,0
tags,Koran / Qur'an,7,0
tags,Korea,18,0
tags,Krishna,5,0
tags,Krishnamutri,12,0
tags,Kriya,3,0
tags,Ksudrakāgama,1,0
tags,Kuhn,11,0
tags,Kumarajiva,2,0
tags,Kumbha Mela,1,0
tags,Kundalini,2,0
tags,Kung Fu,6,0
tags,Kural,1,0
tags,Kusala,5,0
tags,Kyoto School,1,0
tags,Ladakh,2,0
tags,Lalitavistara,2,0
tags,Lam-rim,9,0
tags,Lamdre,1,0
tags,Landscape,1,0
tags,Langauge,4,0
tags,Language,135,0
tags,Lankavatara Sutra,1,0
tags,Laos,4,0
tags,Latin America,3,0
tags,Latin Grammar,4,0
tags,Law,20,0
tags,Law of Attraction,1,0
tags,Lay meditation,2,0
tags,Lay Teacher,34,0
tags,Laypeople,47,0
tags,Laziness,2,0
tags,Leadership,16,5
tags,Learning,1,0
tags,Ledi Sayadaw,7,0
tags,Lemuria,1,0
tags,Lent,1,0
tags,Letter Writing,3,0
tags,Letters,23,0
tags,Levitation,1,0
tags,Lexicography,1,0
tags,Liberalism,9,0
tags,Liblinear,1,0
tags,Lieh-tzu,2,0
tags,Life,69,0
tags,LIfe Extension,1,0
tags,Life Stories,4,0
tags,Lifestyle,2,0
tags,Light,5,0
tags,Lincoln,1,0
tags,Lineage,2,0
tags,Linguistics,58,5
tags,Links,1,0
tags,linux,1,0
tags,Listening,5,0
tags,Literary Theory,2,0
tags,Literature,53,3
tags,Living,7,0
tags,Locke,2,0
tags,Logic,45,0
tags,Logos,1,0
tags,Lojong,2,0
tags,Lokottaravadins,5,0
tags,Longevity,2,0
tags,Loose Line and Tight Line Sucessfully Completed,1,0
tags,Lotus Posture,1,0
tags,Lotus Sutra,11,0
tags,Loudspeakers,1,0
tags,Love,47,0
tags,Loving Kindness Sutra,1,0
tags,Loving-kindness,2,0
tags,LSD,8,0
tags,Lucid Dreaming,22,0
tags,Luminous,6,0
tags,Lunar Calendar,14,0
tags,Lying Down,1,0
tags,Mac,5,0
tags,Machine Learning,2,0
tags,Madhva,1,0
tags,Madhyama Agama,28,5
tags,Madhyamaka,79,0
tags,Madness,7,0
tags,Magazine,37,0
tags,Magh,1,0
tags,Magic,36,4
tags,Magna Carta,1,0
tags,Magnetic Brain Stimulation,1,0
tags,Magnetism,2,0
tags,Mahabharata,24,0
tags,Mahācattārīsaka Sutta,2,0
tags,Mahamudra,36,4
tags,Mahasamghika,14,0
tags,Mahasi,65,0
tags,Mahavagga,1,0
tags,Mahavamsa,10,0
tags,Mahavastu,5,0
tags,Mahavihara,4,0
tags,Mahavira,2,0
tags,Mahayana,273,0
tags,Mahayana Sutra,170,0
tags,Mahisasaka,2,0
tags,Majjhima Nikaya,106,0
tags,Malay Peninsula,1,0
tags,Malaysia,9,0
tags,Malthus,1,0
tags,Management,9,0
tags,Mandala,4,0
tags,Mandarin,2,0
tags,Mandela,1,0
tags,Manichaeism,4,0
tags,Manjusri,2,0
tags,Mantra,9,0
tags,Manual,2,0
tags,manuals,1,0
tags,Manuscript,31,0
tags,Mao,1,0
tags,Maps,7,0
tags,Mara,10,0
tags,Maranusati,9,0
tags,Mark Twain,8,0
tags,Marketing,1,0
tags,Marriage,10,0
tags,Martial Arts,15,0
tags,Martyrs,1,0
tags,Marvellous & Wonderful,2,0
tags,Marxism,8,0
tags,Mary Magdalene,1,0
tags,Masks,1,0
tags,Mass Media,7,0
tags,Massage,7,0
tags,Masters,36,4
tags,Materialism,33,5
tags,Materials,1,0
tags,Mathematics,27,3
tags,Matrka,2,0
tags,Matter,11,0
tags,Mauryan Empire,3,0
tags,Mayan,3,0
tags,Mayavadi Philosophy,1,0
tags,MBAR,1,0
tags,MBCT,22,0
tags,MBI,9,0
tags,MBSR,22,0
tags,McMindfulness,1,0
tags,Meaning,33,0
tags,Measures,1,0
tags,Meat,6,0
tags,Mediation,27,5
tags,Medical,8,0
tags,Medicinal Herbs,7,0
tags,Medicine,43,4
tags,Medieval,4,0
tags,Meditation,574,4.1
tags,Meditation maps,1,0
tags,Medium,9,0
tags,Memes,12,0
tags,Memorization,1,0
tags,Memory,53,0
tags,Men,1,0
tags,Mental Action,1,0
tags,Mental Health,16,0
tags,Mental Illness,28,0
tags,Mental Proliferation,1,0
tags,Merit Making,7,0
tags,Merit Transfer,5,0
tags,Metaphor,3,0
tags,Metaphysics,42,0
tags,Metonymy,2,0
tags,metre,1,0
tags,Metta,54,0
tags,mettā,1,0
tags,Metta;jhana,1,0
tags,Metteya,3,0
tags,Micro-phenomenological analysis,1,0
tags,Micro-phenomenological interview,1,0
tags,Micro-phenomenology,1,0
tags,Microeconomics,1,0
tags,Microphone,1,0
tags,Middle Ages,3,0
tags,Middle East,10,0
tags,Middle Period,1,0
tags,Middle Way,5,0
tags,Milarepa,5,0
tags,Milinda Panha,11,0
tags,Military,2,0
tags,Milk,1,0
tags,Miltarism,7,0
tags,Mimamsa,8,0
tags,Mind,239,4.3
tags,Mind & Body,15,0
tags,Mind Control,2,0
tags,Mind Seal,1,0
tags,Mind Training,16,0
tags,Mind-made Body,1,0
tags,Mind-reading,1,0
tags,Mind-Wandering,9,0
tags,Mindfulness,390,4.3
tags,mindfulness-based Stress Reduction (MBSR),1,0
tags,Minerals,1,0
tags,Mipham,1,0
tags,Miracle,3,0
tags,Mirror Neurons,2,0
tags,Missionaries,16,0
tags,Mistakes,2,0
tags,Mithraism,2,0
tags,Mnemonics,1,0
tags,Modern,36,4
tags,Mogok Sayadaw,9,0
tags,Molecules,1,0
tags,Momentariness,4,0
tags,Monachism,1,5
tags,Monastery,16,5
tags,monastic,1,0
tags,Monastic Life,55,4.7
tags,Monastic Titles,1,0
tags,monasticism,1,0
tags,Money,10,0
tags,Mongolia,3,0
tags,Monitoring,1,0
tags,Monk,2,5
tags,Monotheism,3,4
tags,Monster Movies,1,0
tags,Montaigne,7,0
tags,Mood,3,0
tags,Moon,1,0
tags,Moonstones,1,0
tags,Morality,56,0
tags,Mormonism,3,0
tags,Morphic Resonance,1,0
tags,Motivation,2,0
tags,Motivational,1,0
tags,Mu,1,0
tags,Mudita,8,0
tags,Mulasarvastivada,23,0
tags,Multiculturalism,3,0
tags,Music,12,0
tags,Myanmar,25,0
tags,Myanmar Tradition,203,4
tags,Mystical Experience,29,0
tags,Mysticism,41,4
tags,Mythology,97,4
tags,Na Uyana,7,0
tags,Nag Hammadi,2,0
tags,Nagarjuna,67,0
tags,Nakṣatra,1,0
tags,Namarupa,4,0
tags,Nanavira,1,0
tags,Nanda,1,0
tags,Nanotechnology,2,0
tags,Narcissism,2,0
tags,Nat,1,0
tags,Nationalism,7,0
tags,Native American Indians,2,0
tags,Nativism,4,0
tags,Natural Language Processing,20,0
tags,Natural Selection,11,0
tags,Nature,38,4
tags,Nature vs Nurture,3,0
tags,Navigation,1,0
tags,NCC,1,0
tags,NDE,22,4
tags,Negative Effects,1,0
tags,Negotiation,7,0
tags,Neither-perception-nor-non-perception,1,0
tags,Nepal,13,0
tags,Netti,1,0
tags,Nettippakarana,1,0
tags,Networks,1,0
tags,Neural Correlates of Consciousness,10,0
tags,Neurochemistry,6,0
tags,Neuroimaging,6,0
tags,Neurological Disease,3,5
tags,Neurology,2,0
tags,Neurophenomenology,2,0
tags,Neuroplasticity,7,0
tags,Neuropsychology,16,4
tags,Neuroscience,194,4
tags,Neutral feeling tone,1,0
tags,New Age,13,4
tags,New Testament,11,0
tags,New World Order,1,0
tags,New Zealand,2,0
tags,Newar,3,0
tags,Newsletter,11,0
tags,Ngondro,2,0
tags,Nibbana,52,5
tags,Nibbāna,1,0
tags,Nibbida,3,0
tags,Nichiren,10,0
tags,Nichren,1,0
tags,Niddesa,1,0
tags,Nietzsche,8,0
tags,Niggahita,1,0
tags,Nightmares,3,0
tags,Nihilism,5,0
tags,Nikayas,4,0
tags,Nimitta,6,0
tags,Nirbbana,1,0
tags,Nirodha,4,0
tags,Nirvana,3,0
tags,Niti-Shastra,1,0
tags,Niyama,1,0
tags,NLP,30,0
tags,Noble Eightfold Path,37,5
tags,Noble Silence,1,0
tags,Noetic Science,12,0
tags,Noise Pollution,1,0
tags,Non Fiction,1,0
tags,Non-Duality,52,4
tags,Non-Fiction,3,3.5
tags,Non-return,1,0
tags,nonfiction,1,0
tags,Nonjudgment,1,0
tags,Nonviolent Communication,10,0
tags,Normans,1,0
tags,Northern Ireland,1,0
tags,Nostratic,4,0
tags,Not self,2,0
tags,Nothing,1,0
tags,Nothingness,1,0
tags,Nouns,1,0
tags,Nuclear Power,1,0
tags,Nuclear War,1,0
tags,Nuclear Weapons,1,0
tags,Numbers,2,0
tags,Numerology,2,0
tags,nuns,1,0
tags,Nutriment,1,0
tags,Nutrition,2,0
tags,Nyaya,18,0
tags,Nyaya-Vaisesika,5,0
tags,Nyingmapa,2,0
tags,Obituary,1,0
tags,Objectivity,7,0
tags,Obstacles,1,0
tags,Occult,29,3
tags,OCD,3,0
tags,Old Age,6,0
tags,Old Testament,7,0
tags,Omniscience,2,0
tags,on kindle,1,0
tags,Once-return,1,0
tags,Ontology,28,5
tags,OOBE & Astral Travel,23,4
tags,Open Awareness,1,0
tags,Opposition,1,0
tags,Optical Illusion,2,0
tags,Oral Transmission,23,0
tags,Order,1,0
tags,Ordination,46,0
tags,Organ Donation,4,0
tags,Organizations,3,0
tags,Oriental Philosophy,1,4
tags,Orientalism,6,4
tags,Orwell,1,0
tags,Ottapa,1,0
tags,Overeating,3,0
tags,Overpopulation,1,0
tags,Overself,1,0
tags,owners manuals,1,0
tags,Pa Auk,38,0
tags,Pa Auk Sayadaw,5,0
tags,Paccekabuddha,4,0
tags,Pacifism,1,0
tags,Padmasambhava,4,0
tags,Paganism,8,0
tags,Pain,18,0
tags,Pain reduction,1,0
tags,Painkillers,1,0
tags,Painting,1,0
tags,Paiśācī,1,0
tags,Pakistan,2,0
tags,Paleontology,11,3
tags,Pali,8,0
tags,Pali Canon,6,0
tags,Pāli Canon,1,0
tags,Pali Canon (About),65,0
tags,Pali Canon (Tipitaka),552,0
tags,Pali Dictionary,25,0
tags,Pali Grammar,136,0
tags,Pali Grammar (About),18,0
tags,Pāli Grammarians,8,0
tags,Pali Language,53,0
tags,Pali Literature,89,0
tags,Pali Prosody,15,0
tags,Pali Reader,10,0
tags,Pali Text,514,0
tags,Pandaka,3,0
tags,Pandemics,1,0
tags,Panic,2,0
tags,Panpsychism,20,0
tags,Pantheism,2,0
tags,Papanca,1,0
tags,papañca,1,0
tags,papañca-saññā-saṅkhā,1,0
tags,Parables,2,0
tags,Paradox,3,0
tags,Parajika,11,0
tags,Parami,14,0
tags,Paranormal,7,4
tags,Parapsychology,29,4
tags,Parayanavagga,4,0
tags,Parents,12,0
tags,Parinibbana,7,0
tags,Paritta,25,0
tags,Parivara,1,0
tags,Parkinson's Disease,1,0
tags,Participles,1,0
tags,Passive Resistance,1,0
tags,Patañjali,15,0
tags,Patents,3,0
tags,Paternalism,2,0
tags,Path,7,0
tags,Paṭicca Samuppāda,1,0
tags,Paṭiccasamuppāda,1,0
tags,Patience,5,0
tags,Patimokkha,41,5
tags,Patisambhidamagga,10,0
tags,Patriarch,4,0
tags,Patronage,1,0
tags,Patthana,11,0
tags,Paul,2,0
tags,Pavarana,1,0
tags,pdf manuals,1,0
tags,Peace,33,0
tags,Peak Oil,1,0
tags,Peasant,1,0
tags,Perception,83,0
tags,Perennial Philosphy,10,0
tags,Perfection,2,0
tags,Persia,1,0
tags,Personal Growth,4,0
tags,Personal Memoirs,1,5
tags,PERSONAL POWER THROUGH AWARENESS: A GUIDEBOOK FOR SENSITIVE PEOPLE (BOOK II OF THE EARTH LIFE SERIES) PDF,1,0
tags,Personality,46,5
tags,Persuasion,15,0
tags,Petakopadesa,1,0
tags,Petavatthu,3,0
tags,Peyala,1,0
tags,Phantom Limbs,1,0
tags,Pharmaceuticals,7,0
tags,Phenomenology,138,4
tags,Phi,1,3
tags,Philip K. Dick,1,0
tags,Philology,15,0
tags,Philosophy,631,4.5
tags,Phobia,4,0
tags,Phonemes,9,0
tags,Photographs,7,0
tags,Photography,3,0
tags,phra payutto,1,0
tags,Physicalism,7,0
tags,Physics,50,4
tags,Physiology,29,0
tags,Pilgrimage,35,0
tags,Pindapata,2,0
tags,Pitaka,1,0
tags,Plague,1,0
tags,Plants & Trees,10,0
tags,Plato,13,0
tags,Pleasure,2,0
tags,Plotinus,6,0
tags,Poetry,90,0
tags,Political,2,0
tags,Political Science,16,0
tags,Politics,148,4.3
tags,Population,7,5
tags,Populism,1,0
tags,Positive Thinking,3,0
tags,Positivism,8,0
tags,Post Traumatic Stress Disorder,7,0
tags,Postmodernism,8,0
tags,Poststructuralism,2,0
tags,Poverty,3,0
tags,Power,9,5
tags,Powerpoint,9,0
tags,Poya,1,0
tags,Practice,64,0
tags,Pragmatism,8,0
tags,Prajnaparamita,21,0
tags,Prakit,3,0
tags,Prakrit Grammar,4,0
tags,Prakrit Language,6,0
tags,Prakrit Literature,4,0
tags,Prakrit Text,7,0
tags,Pranayama,10,0
tags,Pratītyasamutpāda,1,0
tags,Prayer,23,0
tags,Pre-Buddhism,2,0
tags,Precepts,24,0
tags,Pregnancy,4,0
tags,Prehistoric and primitive religions,1,0
tags,Prehistory,12,3
tags,Present Moment,22,0
tags,Presentation,2,0
tags,Prestige,2,5
tags,Pride,2,0
tags,Primary Derivatives,1,0
tags,Primates,6,0
tags,Principles,1,0
tags,Printing,3,0
tags,Prison,4,0
tags,Privacy,2,0
tags,Problems,12,0
tags,Programme de l’année 2016-2017 : I. Initiation au pali. — II. Examen de travaux récents dans le domaine du moyen-indien et lecture de textes en pali.,1,0
tags,Programming Languages,1,0
tags,Progress,11,5
tags,Pronounciation,6,0
tags,Propaganda,3,0
tags,Prophesy,9,0
tags,Proprioception,2,0
tags,Prosocial dimensions of mindfulness,2,0
tags,Prosody,1,0
tags,Prostitution,2,0
tags,Protection,4,0
tags,Protective texts,1,0
tags,Protestant,2,0
tags,Proto-Indo-European,9,0
tags,PS,7,0
tags,Pscyhology,7,0
tags,PSI,19,0
tags,Psychedelic Drugs,22,0
tags,Psychedelics,24,0
tags,Psychiatry,6,0
tags,Psychic Powers,24,0
tags,Psychoanalysis,26,5
tags,Psychokinesis,1,0
tags,Psychology,668,4.4
tags,Psychosynthesis,1,0
tags,Psychotherapy,75,4
tags,Psychtherapy,5,0
tags,Public Relations,1,0
tags,Public Speaking,2,0
tags,Publishing,2,0
tags,Pudgalavadin,1,0
tags,Puggala Pannatti,4,0
tags,Puggalavadin,5,0
tags,Puja,4,0
tags,Punctuation,4,0
tags,Punishment,3,0
tags,Punk Rock,1,0
tags,Puppets,1,0
tags,Puranas,6,0
tags,Pure Land,20,0
tags,Purpose,7,0
tags,Pythagoras,2,0
tags,Qigong,68,0
tags,Quakers,1,0
tags,Qualitative analysis,1,0
tags,Quantum Physics,82,0
tags,Queens,1,0
tags,Questions,51,0
tags,Quotations,33,5
tags,Quran,1,0
tags,Rabies,1,0
tags,Racism,12,0
tags,Radicalism,4,0
tags,Rahula,1,0
tags,Rāhula,1,0
tags,Railways,1,0
tags,Rainbow Body,2,0
tags,Raja Yoga,1,0
tags,Ramakrishna,2,0
tags,Ramana Maharshi,16,0
tags,Ramayana,6,0
tags,Rape,2,0
tags,Rationalism,16,0
tags,Read Online and Download PDF Ebook Personal Power Through Awareness: A Guidebook For Sensitive People (Book II Of The Earth Life Series). Get <strong>Personal Power Through Awareness: A Guidebook For Sensitive People (Book II Of The Earth Life Series)</strong> PDF file for free from our online library,1,0
tags,Reading,7,0
tags,Readme!,93,4
tags,Reality,57,4
tags,Reality and Illusion,5,0
tags,Realization,1,0
tags,Reason,26,0
tags,Rebirth,130,4
tags,Recollection,1,0
tags,Recollection of the Buddha,1,0
tags,Recollections,10,0
tags,Reconciliation,6,0
tags,Reformation,1,0
tags,Refuge,20,0
tags,Refugees,1,4
tags,Regulations,1,0
tags,Rehabilitation,1,0
tags,Reiki,1,0
tags,Relational Grammar,1,0
tags,Relationships,19,0
tags,Relativity,5,0
tags,Relaxation,6,0
tags,Relics,12,0
tags,Religion,326,4
tags,Religion & Esoterik,1,0
tags,Religion & Science,11,3
tags,Religious Experience,34,0
tags,REM,1,0
tags,Remote Viewing,3,0
tags,Renaissance,16,0
tags,Renunciation,5,0
tags,Repetition,2,0
tags,Reptiles,1,0
tags,Requisites,1,0
tags,Resources,1,0
tags,Retail,1,4
tags,Retreat,9,0
tags,Retreat Centres,4,0
tags,REVELATION,1,0
tags,Revelations,1,0
tags,Revival,11,0
tags,Revolution,3,0
tags,Rewata,1,0
tags,Rhetoric,2,0
tags,Riddles,1,0
tags,Rig Veda,2,0
tags,Right Action,1,0
tags,Right Attitude,3,0
tags,Right Knowledge,1,0
tags,Right Livelihood,3,0
tags,Right Speech,2,0
tags,Right Thought,1,0
tags,Right View,13,0
tags,Rigpa,1,0
tags,Rinzai,2,0
tags,Risk,3,0
tags,Rituale & Bräuche,1,0
tags,Rituals,60,3.7
tags,Robes,1,0
tags,Robotics,1,0
tags,Rocks,1,0
tags,Roman,30,0
tags,Roman Empire,4,0
tags,Roman Mythology,1,0
tags,Roman Republic,1,0
tags,Roman Script,1,0
tags,Romania,1,0
tags,Romanticism,5,4
tags,Roots,1,0
tags,Rorschach,5,0
tags,Royalty,1,0
tags,Ṛṣi,1,0
tags,Rumi,5,0
tags,Russia,7,0
tags,Sacred Places,1,0
tags,Sacrifice,10,0
tags,Saddaniti,5,0
tags,Sai Baba,1,0
tags,Saints,7,0
tags,Saivism,17,0
tags,Sakta,1,0
tags,Sakya,2,0
tags,Samadhi,31,0
tags,Samana,6,0
tags,Samanera,4,0
tags,Samannaphala Sutta,1,0
tags,Samantabhadra,2,0
tags,Samantapasadika,1,0
tags,Samatha,40,4.5
tags,Samkhya,16,0
tags,Sampajañña,1,0
tags,Samsara,7,0
tags,Samurai,1,0
tags,Samurai Zen: The Warrior Koans,1,0
tags,Samvega,2,0
tags,Samyukta Agama,43,0
tags,Samyutta Nikaya,109,0
tags,Sandhi,4,0
tags,Sangha,32,0
tags,Sanghadisesa,2,0
tags,Sannyasi,1,0
tags,Sanskrit,13,0
tags,Sanskrit Canon,39,0
tags,Sanskrit Dictionary,7,0
tags,Sanskrit Grammar,51,0
tags,Sanskrit Language,23,0
tags,Sanskrit Literature,49,0
tags,Sanskrit literature -- History and criticism,1,0
tags,Sanskrit Prosody,13,0
tags,Sanskrit Text,97,0
tags,Santa Claus,1,0
tags,Sariputta,3,0
tags,Sarvastivada,31,0
tags,Sasana,2,0
tags,Sasana Yutti,1,0
tags,Sastra,9,0
tags,Satan,4,0
tags,Sati,5,0
tags,Satipatthana,93,4
tags,satipaṭṭhāna,4,0
tags,Satori,1,0
tags,Sautrantiak,8,0
tags,Sayadaw U Tejania,11,0
tags,SBS,2,0
tags,Scan,1,0
tags,Scandal,5,0
tags,Schism,7,0
tags,Schizophrenia,7,0
tags,Schooling,1,4
tags,Schools,10,0
tags,Schopenhauer,7,5
tags,Science,274,4.3
tags,Science & Technology,1,0
tags,Science Fiction,1,0
tags,Scientific Method,1,0
tags,Scientific Reports,1,0
tags,Scientism,1,0
tags,Scientology,6,0
tags,Scotland,1,0
tags,Search through 700.000 manuals online & and download pdf manuals.,1,0
tags,Sects,29,0
tags,Secular Buddhism,16,0
tags,Secularism,9,4
tags,Seeker,1,0
tags,Self,127,4
tags,Self-awareness,20,0
tags,Self-benevolence,1,0
tags,Self-compassion,1,0
tags,Self-control,2,0
tags,Self-Deception,2,0
tags,Self-Esteem,2,0
tags,Self-Help,75,0
tags,Self-immolation,2,0
tags,Self-kindness,1,0
tags,Self-Mortification,2,0
tags,Self-Publishing,3,0
tags,Self-Realization,6,0
tags,Semantics,9,0
tags,Semiology,3,0
tags,Sense Pleasure,3,0
tags,Sense Restraint,2,0
tags,Sensitivity,3,0
tags,Sensual lust,1,0
tags,Seon,1,0
tags,service manuals,1,0
tags,Seth,1,0
tags,Sex,41,0
tags,Sexuality,5,0
tags,sf,1,0
tags,Shadow,4,0
tags,Shakespeare,1,0
tags,Shakti,1,0
tags,Shamanism,31,0
tags,Shame,3,0
tags,Shaolin,6,0
tags,Shariah,1,0
tags,Shin,9,0
tags,Shinto,2,0
tags,Shunyata,1,0
tags,Siddha,1,0
tags,Side effects,1,0
tags,Sign Language,1,0
tags,Signless Meditation,2,0
tags,Sikhism,3,0
tags,Sila,32,0
tags,Silence,13,0
tags,Silk Road,5,0
tags,Similes,2,0
tags,Similies,6,0
tags,Sin,4,5
tags,Sindhi Grammar,1,0
tags,Sinhala,5,0
tags,Sinhala Dictionary,2,0
tags,Sinhala Grammar,6,0
tags,Sinhalese Literature,2,0
tags,Six Elements,2,0
tags,Six Senses,14,0
tags,Skepticism,14,3
tags,Skill in means,1,0
tags,Skillful Means,3,0
tags,Slavery,1,0
tags,Sleep,27,0
tags,Smashwords,1,0
tags,Smile,1,0
tags,Smoking,1,0
tags,smṛtyupasthāna,2,0
tags,Snakebite,2,0
tags,Social,1,0
tags,Social Development,17,0
tags,Social Engagement,1,0
tags,Social Engineering,3,0
tags,Social Media,3,0
tags,Social Psychology,21,5
tags,Social Responsibility,8,0
tags,Social Science,7,5
tags,Social Skills,1,0
tags,Socialism,8,0
tags,Society,126,4.2
tags,Sociolinguistics,1,0
tags,Sociology,38,4
tags,Socrates,5,0
tags,Soen,1,0
tags,Soh’s Journal and Notes on Spiritual Awakening,1,0
tags,Soka Gakkai,1,0
tags,Solipsism,1,0
tags,Solitude,1,0
tags,Soma,5,0
tags,Son,1,0
tags,Soul,21,4
tags,Sound,7,0
tags,Source monitoring,1,0
tags,Sources,1,0
tags,South Africa,7,0
tags,South America,4,0
tags,South Asia,5,0
tags,South East Asia,6,0
tags,Soviet Union,1,0
tags,Space,13,0
tags,Spain,2,0
tags,Specific conditionality,1,0
tags,Speech Therapy,9,0
tags,Speed Reading,3,0
tags,Spelling,1,0
tags,Spirit Guides,1,0
tags,Spirit Possession,1,0
tags,Spiritism,43,0
tags,Spiritual,198,4
tags,Spiritual Exercises,7,0
tags,Spiritual Faculties,6,0
tags,Spiritual Life,23,0
tags,Spiritual Materialism,1,0
tags,Spirituality,28,4
tags,Sport,2,0
tags,Sravakabhumi,2,0
tags,Sri Kalyani,28,0
tags,Sri Lanka,122,5
tags,Sri Lankan Tradition,152,5
tags,Star Chart,3,0
tags,Stars,2,0
tags,State,3,0
tags,Statistics,9,4
tags,Statues,10,0
tags,Steiner,2,0
tags,Stem Cells,1,0
tags,Sthavira,1,0
tags,Stoicism,38,4
tags,Story Book,20,0
tags,Story-telling,10,0
tags,Strategy,2,0
tags,Stream Entry,16,0
tags,Stress,17,0
tags,Stretching,8,0
tags,String Theory,4,0
tags,Stroke,1,0
tags,Structural Engineering,1,0
tags,Study Aids,4,0
tags,Stupas,13,0
tags,Stuttering,11,0
tags,Subconscious,4,0
tags,subjective and objective,1,0
tags,Subjective Experience,68,5
tags,Success,12,0
tags,Suchness,2,0
tags,Sudra,1,0
tags,Sufi,28,0
tags,Suicide,19,0
tags,Sumerian,6,0
tags,Sun Gazing,1,0
tags,Superconductivity,1,0
tags,Supernatural,7,0
tags,Superstition,2,0
tags,Support Vector Machine,1,0
tags,Surprise,1,0
tags,Surrealism,1,0
tags,Survival,4,0
tags,Sustainability,9,0
tags,Sūtras,1,0
tags,Sutta,3,0
tags,Sutta Nipata,68,0
tags,Sutta Studies,167,0
tags,Suttavada,1,0
tags,Suzuki,1,0
tags,Swadeshi,1,0
tags,Swedenborg,3,0
tags,Symbols,34,0
tags,Symmetry,1,0
tags,Synchronic structure,1,0
tags,Synchronization,1,0
tags,Syncretism,1,0
tags,Syntax,6,0
tags,T.S. Elliot,3,0
tags,Tai Chi,5,0
tags,Taiwan,1,0
tags,Takkasila,2,0
tags,Tamil Language,3,0
tags,Tamil Literature,6,0
tags,Tamil People,2,0
tags,Tangut Buddhism,1,0
tags,Tanha,2,0
tags,Tantra,88,4
tags,Taoism,108,4.6
tags,Tara,5,0
tags,Tarot,4,0
tags,Tathagata,2,0
tags,Tattvarthasutra,1,0
tags,Tax,1,0
tags,Taxila,1,0
tags,Tea,3,0
tags,Teacher-Student Relationship,1,0
tags,Teaching,2,0
tags,Teaching Aid,3,0
tags,Teaching Method,2,0
tags,Tears,1,0
tags,Technology,23,4
tags,Telagu Literature,5,0
tags,Telepathy,8,0
tags,Telescopes,1,0
tags,Temperature,1,0
tags,Template,1,0
tags,Tendai,2,0
tags,Terminal,4,0
tags,Terminology,1,0
tags,Termites,1,0
tags,Terror,1,0
tags,Terrorism,11,4.5
tags,Tesla,8,0
tags,Tetralemma,1,0
tags,Tevijja,2,0
tags,Text,1,0
tags,Textbook,34,0
tags,texts,1,0
tags,Textual Authenticity,3,0
tags,Textual Criticism,19,0
tags,Thai Forest Tradition,234,5
tags,Thailand,46,0
tags,Thanka,3,0
tags,The Astonishing hypothesis: the scientific search for the soul,1,0
tags,The Four Sublime States,1,0
tags,The nature of the Buddha,1,0
tags,The Old Zen Master: Inspirations for Awakening,1,0
tags,The role of Kamma in Dying and Rebirth,1,0
tags,The role of the Buddha,1,0
tags,The Routledge Handbook of Metametaphysics is an outstanding reference source to this growing subject. It comprises thirty-eight chapters written by leading international contributors.,1,0
tags,Theatre,7,0
tags,Theft,1,0
tags,Theology,18,5
tags,Theoretical Physics,8,0
tags,Theories,1,0
tags,Theory of,1,0
tags,Theosophy,12,0
tags,Theragatha,13,0
tags,Theravada,157,4.3
tags,Theravāda,1,0
tags,Theravada Abhidhamma,1,0
tags,Therigatha,17,0
tags,Thermodynamics,1,0
tags,Thesaurus,1,0
tags,Thesis,33,0
tags,Thich Nhat Hanh,2,0
tags,Thinkers,5,0
tags,Thinking,16,0
tags,Third Sex,1,0
tags,Though Experiment,1,0
tags,Thought,39,4
tags,Three Knowledges,1,0
tags,Three Trainings,1,0
tags,Three Types of Person,1,0
tags,Tiantai,3,0
tags,Tibet,34,3
tags,Tibet Autonomous Region (TAR),3,0
tags,Tibetan Buddhism,538,3.8
tags,Tibetan Canon,40,0
tags,Tibetan Language,4,0
tags,Tick bite,1,0
tags,tick removal,1,0
tags,ticks,1,0
tags,Tika,44,0
tags,Time,48,0
tags,Time & Date,15,0
tags,Time & Space,10,0
tags,Time Travel,2,0
tags,Tipitaka,3,0
tags,Tirthankar Adi Jivan Charitra.,1,0
tags,Tirthankar Jivan Charitra.,3,0
tags,To Read,1,0
tags,Tochrian,1,0
tags,Tolerance,3,0
tags,Toltec,11,0
tags,Tonglen,4,0
tags,Tooth Relic,1,0
tags,Toothstick,1,0
tags,Tourism,1,0
tags,Tragedy,1,0
tags,Tranliteration,1,0
tags,Transcendence,12,0
tags,Transgender,2,0
tags,Translation,9,0
tags,Translator,1,0
tags,Transmission,2,0
tags,Transpersonal Psychology,8,0
tags,Trauma,10,0
tags,Travel,38,0
tags,Treatment,1,0
tags,Trikaya,4,0
tags,Tripitaka,2,0
tags,Triple Gem,23,0
tags,Trojan War,1,0
tags,Trust,1,0
tags,Truth,29,0
tags,Tudors,1,0
tags,Tula,1,0
tags,Turiya,1,0
tags,Turtles,2,0
tags,TWIM,1,0
tags,Two Hindrances,1,0
tags,Two Truths,1,0
tags,Tzu,1,5
tags,U Ba Khin,20,0
tags,Udana,14,0
tags,Udāna,1,0
tags,UFO,5,0
tags,UG,17,4
tags,UK Sangha,59,0
tags,Ukkhepaniyakamma,1,0
tags,Unconditioned,2,0
tags,Unconscious,12,0
tags,Unibuds,15,0
tags,Uninstall,1,0
tags,United Nations,2,0
tags,United States,123,4
tags,Universalism,5,0
tags,Upagupta,1,0
tags,Upanisa Sutta,1,0
tags,Upanishads,60,5
tags,Upekkha,5,0
tags,Uposatha,12,0
tags,user guides,1,0
tags,User Manual,2,0
tags,user manuals,1,0
tags,Utopias,4,0
tags,Vaccination,1,0
tags,Vacumn,1,0
tags,Vairocana,1,0
tags,Vajrayana,46,0
tags,Values,13,0
tags,Variant Readings,1,0
tags,Varjayana,9,0
tags,Vassa,5,0
tags,Vasubandhu,33,0
tags,Vedana,23,0
tags,Vedanta,77,0
tags,Vedas,61,0
tags,Vedda,2,0
tags,Vegan,6,0
tags,Vegetarianism,20,0
tags,Vekhanassa Sutta,1,0
tags,Venerable Aggavaṃsa,1,0
tags,Verbs,2,0
tags,Vibhajjavada,2,0
tags,Vibhanga,6,0
tags,Vicara,1,0
tags,Vicissitudes of meditation,1,0
tags,Victorian Era,1,0
tags,Vietnamese,8,0
tags,Vijnanavada,6,0
tags,Viking,1,0
tags,Vimutti,2,0
tags,Vimuttimagga,4,0
tags,Vinaya,254,5
tags,Vinaya Exam,24,0
tags,Violence,32,0
tags,Vipaka,9,0
tags,Vipallasa,2,0
tags,Vipassana,185,4.5
tags,vipassanā,1,0
tags,Virtual Reality,2,0
tags,Virtue,8,0
tags,Virus,1,0
tags,Vishnuism,1,0
tags,Visual Perception,27,0
tags,Visualization,2,0
tags,Visuddhimagga,24,0
tags,Vitakka,3,0
tags,Vitamins,2,0
tags,Vocabulary,14,0
tags,Voice Training,2,0
tags,Voidness,4,0
tags,Vyākaraṇa,1,0
tags,Walking Meditation,11,0
tags,War,70,4.3
tags,Weight Training,1,0
tags,Well-being,18,0
tags,Westerners,33,0
tags,Wicca,4,0
tags,Wine-making,1,0
tags,Wisdom,63,4
tags,Witchcraft,2,0
tags,With Sanskrit and English Equivalents and a Sanskrit-Pali Index,1,0
tags,Wittgenstein,7,0
tags,Women,58,4
tags,Won Buddhism,2,0
tags,Word Order,2,0
tags,Wordplay,1,0
tags,Words,3,0
tags,Work,6,0
tags,Workaholism,1,0
tags,World,21,3
tags,World Trade Organization,1,0
tags,World War 1,2,0
tags,World War 2,1,0
tags,Worship,6,0
tags,Writing,23,0
tags,Wrong View,3,0
tags,Xuanzang,2,0
tags,Yamaka,2,0
tags,Yantra,2,0
tags,Yasodhara,1,0
tags,Yin Yoga,4,0
tags,Yoga,149,4
tags,Yogacar,1,0
tags,Yogacara,68,0
tags,Youth,2,0
tags,Zangskar,1,0
tags,Zazen,2,0
tags,Zen,11,0
tags,Zen Buddhism,274,4.3
tags,Zen Canon,1,0
tags,Zend Avesta,4,0
tags,Zhan Zhuang,4,0
tags,Zionism,3,0
tags,Zohar,8,4
tags,Zoology,4,0
tags,Zoroastrianism,6,0
